{
  "animation_settings": {
    "animation": false,
    "water": false,
    "lava": false,
    "fire": true,
    "portal": true,
    "block_animations": false,
    "sculk_sensor": true
  },
  "particle_settings": {
    "particles": true,
    "rain_splash": false,
    "block_break": false,
    "block_breaking": false,
    "other": {
      "minecraft:ambient_entity_effect": true,
      "minecraft:angry_villager": true,
      "minecraft:ash": true,
      "minecraft:block": true,
      "minecraft:block_marker": true,
      "minecraft:bubble": true,
      "minecraft:bubble_column_up": true,
      "minecraft:bubble_pop": true,
      "minecraft:campfire_cosy_smoke": true,
      "minecraft:campfire_signal_smoke": true,
      "minecraft:cherry_leaves": true,
      "minecraft:cloud": true,
      "minecraft:composter": true,
      "minecraft:crimson_spore": true,
      "minecraft:crit": true,
      "minecraft:current_down": true,
      "minecraft:damage_indicator": true,
      "minecraft:dolphin": true,
      "minecraft:dragon_breath": true,
      "minecraft:dripping_dripstone_lava": true,
      "minecraft:dripping_dripstone_water": true,
      "minecraft:dripping_honey": true,
      "minecraft:dripping_lava": true,
      "minecraft:dripping_obsidian_tear": true,
      "minecraft:dripping_water": true,
      "minecraft:dust": true,
      "minecraft:dust_color_transition": true,
      "minecraft:effect": true,
      "minecraft:egg_crack": true,
      "minecraft:elder_guardian": true,
      "minecraft:electric_spark": true,
      "minecraft:enchant": true,
      "minecraft:enchanted_hit": true,
      "minecraft:end_rod": true,
      "minecraft:entity_effect": true,
      "minecraft:explosion": true,
      "minecraft:explosion_emitter": true,
      "minecraft:falling_dripstone_lava": true,
      "minecraft:falling_dripstone_water": true,
      "minecraft:falling_dust": true,
      "minecraft:falling_honey": true,
      "minecraft:falling_lava": true,
      "minecraft:falling_nectar": true,
      "minecraft:falling_obsidian_tear": true,
      "minecraft:falling_spore_blossom": true,
      "minecraft:falling_water": true,
      "minecraft:firework": true,
      "minecraft:fishing": true,
      "minecraft:flame": true,
      "minecraft:flash": true,
      "minecraft:glow": true,
      "minecraft:glow_squid_ink": true,
      "minecraft:happy_villager": true,
      "minecraft:heart": true,
      "minecraft:instant_effect": true,
      "minecraft:item": true,
      "minecraft:item_slime": true,
      "minecraft:item_snowball": true,
      "minecraft:landing_honey": true,
      "minecraft:landing_lava": true,
      "minecraft:landing_obsidian_tear": true,
      "minecraft:large_smoke": true,
      "minecraft:lava": true,
      "minecraft:mycelium": true,
      "minecraft:nautilus": true,
      "minecraft:note": true,
      "minecraft:poof": true,
      "minecraft:portal": true,
      "minecraft:rain": true,
      "minecraft:reverse_portal": true,
      "minecraft:scrape": true,
      "minecraft:sculk_charge": true,
      "minecraft:sculk_charge_pop": true,
      "minecraft:sculk_soul": true,
      "minecraft:shriek": true,
      "minecraft:small_flame": true,
      "minecraft:smoke": true,
      "minecraft:sneeze": true,
      "minecraft:snowflake": true,
      "minecraft:sonic_boom": true,
      "minecraft:soul": true,
      "minecraft:soul_fire_flame": true,
      "minecraft:spit": true,
      "minecraft:splash": true,
      "minecraft:spore_blossom_air": true,
      "minecraft:squid_ink": true,
      "minecraft:sweep_attack": true,
      "minecraft:totem_of_undying": true,
      "minecraft:underwater": true,
      "minecraft:vibration": true,
      "minecraft:warped_spore": true,
      "minecraft:wax_off": true,
      "minecraft:wax_on": true,
      "minecraft:white_ash": true,
      "minecraft:witch": true
    }
  },
  "detail_settings": {
    "sky": false,
    "sun_moon": true,
    "stars": true,
    "rain_snow": true,
    "biome_colors": false,
    "sky_colors": false
  },
  "render_settings": {
    "fog_distance": 33,
    "fog_start": 100,
    "multi_dimension_fog_control": false,
    "dimensionFogDistance": {
      "minecraft:the_end": 0,
      "minecraft:overworld": 0
    },
    "light_updates": true,
    "item_frame": true,
    "armor_stand": true,
    "painting": true,
    "piston": true,
    "beacon_beam": true,
    "enchanting_table_book": true,
    "item_frame_name_tag": true,
    "player_name_tag": true
  },
  "extra_settings": {
    "overlay_corner": "TOP_LEFT",
    "text_contrast": "NONE",
    "show_fps": true,
    "show_f_p_s_extended": true,
    "show_coords": true,
    "reduce_resolution_on_mac": false,
    "use_adaptive_sync": true,
    "cloud_height": 192,
    "cloud_distance": 100,
    "toasts": true,
    "advancement_toast": true,
    "recipe_toast": true,
    "system_toast": true,
    "tutorial_toast": true,
    "instant_sneak": false,
    "prevent_shaders": true,
    "steady_debug_hud": true,
    "steady_debug_hud_refresh_interval": 1
  },
  "super_secret_settings": {
    "fetch_sodium_extra_crowdin_translations": false,
    "sodium_extra_crowdin_project_identifier": "sodium-extra",
    "fetch_sodium_crowdin_translations": false,
    "sodium_crowdin_project_identifier": "sodium-fabric"
  }
}